{
  "d:\\Claude\\Tacbot\\patch.js": 1776771900.899721,
  "d:\\Claude\\Tacbot\\script.js": 1776775480.0642695,
  "d:\\Claude\\Tacbot\\Assets\\Logo-white.svg": 1776757695.24834
}